;Talsperre;Zeitscheibe;ensminimum;ensp25;ensmedian;ensp75;ensmaximum;ensminimum;ensp25;ensmedian;ensp75;ensmaximum
0;Donauabfluss;1971-2000 [Mio. $m^3/y$] ;4371.32;4480.27;4511.26;4538.8;4592.01;4329.13;4489.55;4541.87;4582.28;4687.87
1;Lon: 10.20117237°;2021-2050 [\%] ;-10.74;-4.12;+6.1;+8.99;+20.94;-8.17;+3.39;+9.91;+14.66;+26.95
2;Lat: 48.44559525°;2036-2065 [\%] ;-8.91;-3.75;+5.52;+11.39;+19.82;-16.11;+6.72;+9.74;+15.38;+42.38
3;EZG: 8602.81 $km^2$;2069-2098 [\%] ;-11.48;+0.75;+6.59;+9.77;+19.44;-30.7;+2.45;+10.44;+22.47;+55.8
